tx_date;process_type;depot;fleet_manager;container_number;iso_code;condition;date_manufacturer;clean;grade;order_number;customer;vessel;voyage;discarge_port;delivery_port;carrier;transport_number;driver_name;tare;payload;max_gross;remark
2023-01-13T18:57:00+07:00;gate_in_empty;Semarang;"SEALAND MAERSK ASIA";TRHU6315410;45G1;AV;2021-03;yes;"GRADE A";585605291;"PT. DELTA DUNIA TEKSTIL";"NAVIOS TEMO";250S;;;PO;H8473OW;;3700;28800;32500;
2023-01-13T19:02:00+07:00;gate_in_empty;Semarang;"SEALAND MAERSK ASIA";MRSU3929897;45G1;AV;2017-11;yes;"GRADE B";585605291;"PT. DELTA DUNIA TEKSTIL";"NAVIOS TEMO";250S;;;IFE;K8220AQ;;3810;28690;32500;
2023-01-13T19:05:00+07:00;gate_in_empty;Semarang;"SEALAND MAERSK ASIA";MRKU4501616;45G1;AV;2012-11;yes;"GRADE C";585605291;"PT. DELTA DUNIA TEKSTIL";"NAVIOS TEMO";250S;;;IFE;H8857OW;;3880;28620;32500;
2023-01-13T19:08:00+07:00;gate_in_empty;Semarang;"SEALAND MAERSK ASIA";MRKU2801424;45G1;DM;2011-09;yes;"GRADE C";1KT785257;"PT. BHINEKA KARYA ELEKTRINDO";"NAVIOS LAPIS";251S;;;POT;H9235OW;;3790;28710;32500;
2023-01-13T19:11:00+07:00;gate_in_empty;Semarang;"SEALAND MAERSK ASIA";MRSU3550861;45G1;DM;2017-08;yes;"GRADE B";585605291;"PT. DELTA DUNIA TEKSTIL";"NAVIOS TEMO";250S;;;PO;AA8045OA;;3810;28690;32500;
2023-01-13T19:16:00+07:00;gate_in_empty;Semarang;"SEALAND MAERSK ASIA";MRKU3893338;45G1;DM;2012-07;yes;"GRADE C";223762254;"PT. TRIJAYA SUKSES MAKMUR";"NAVIOS LAPIS";251S;;;URT;B9903PEI;;3880;28620;32500;
2023-01-13T19:35:00+07:00;gate_in_empty;Semarang;"SEALAND MAERSK ASIA";MRKU7609097;22G1;AV;2011-10;yes;"GRADE C";223964396;"PT. EASTWIND MANDIRI";"NAVIOS LAPIS";251S;;;URT;B9557MD;;2170;28310;30480;
2023-01-13T19:38:00+07:00;gate_in_empty;Semarang;"SEALAND MAERSK ASIA";TCKU7415268;45G1;AV;2019-11;yes;"GRADE B";585605291;"PT. DELTA DUNIA TEKSTIL";"NAVIOS TEMO";250S;;;ALISHA;H1372RY;;3700;28800;32500;
2023-01-13T19:42:00+07:00;gate_in_empty;Semarang;"SEALAND MAERSK ASIA";CAAU5432069;45G1;AV;2019-06;yes;"GRADE B";223762360;"PT. BHINEKA KARYA ELEKTRINDO";"NAVIOS LAPIS";251S;;;POT;H9941OA;;3700;28800;32500;
2023-01-13T20:07:00+07:00;gate_in_empty;Semarang;"SEALAND MAERSK ASIA";MRSU5751166;45G1;AV;2021-12;yes;"GRADE A";223762254;"PT. TRIJAYA SUKSES MAKMUR";"NAVIOS LAPIS";251S;;;URT;B9521PEH;;3720;28780;32500;
2023-01-14T08:05:00+07:00;gate_in_empty;Semarang;"SEALAND MAERSK ASIA";MRKU7614262;22G1;AV;2011-10;yes;"GRADE C";223309824;"PT. BUKITMEGA MASABADI";"NAVIOS LAPIS";251S;;;PST;H1449GA;;2170;28310;30480;
2023-01-14T08:06:00+07:00;gate_in_empty;Semarang;"SEALAND MAERSK ASIA";MRKU8042264;22G1;AV;2012-12;yes;"GRADE B";223353732;"PT. HARTONO ISTANA TEKNOLOGI";"NAVIOS LAPIS";251S;;;MM;B9550JT;;2170;28310;30480;
2023-01-14T08:07:00+07:00;gate_in_empty;Semarang;"SEALAND MAERSK ASIA";MSKU0094659;45G1;AV;2007-03;yes;"GRADE C";223505876;"CV. MENTARI SINAR CEMERLANG";"PL GERMANY";249S;;;PTK;H1379TY;;4000;28500;32500;
2023-01-14T08:09:00+07:00;gate_in_empty;Semarang;"SEALAND MAERSK ASIA";MSKU4737563;L5G1;DM;2011-09;yes;"GRADE B";223798398;"PT. TRANSPORTAMA JASATRANS LOGISTIK";"NAVIOS TEMPO";250S;;;PO;H8664OW;;4850;27650;32500;
2023-01-14T08:10:00+07:00;gate_in_empty;Semarang;"SEALAND MAERSK ASIA";SUDU7938689;22G1;DM;2011-07;yes;"GRADE C";223309824;"PT. BUKITMEGA MASABADI";"NAVIOS LAPIS";251S;;;KARIMANE;H9519OA;;2220;28260;30480;
2023-01-14T08:10:00+07:00;gate_in_empty;Semarang;"SEALAND MAERSK ASIA";SUDU7938689;22G1;DM;2011-07;yes;"GRADE C";223309824;"PT. BUKITMEGA MASABADI";"NAVIOS LAPIS";251S;;;KARIMANE;H9519OA;;2220;28260;30480;
2023-01-14T08:10:00+07:00;gate_in_empty;Semarang;"SEALAND MAERSK ASIA";MSKU4805441;L5G1;DM;2012-09;yes;"GRADE B";223773316;"AMAD PARTONO";"NAVIOS TEMPO";250S;;;PO;B9013PEI;;4850;27650;32500;
2023-01-14T08:11:00+07:00;gate_in_empty;Semarang;"SEALAND MAERSK ASIA";SUDU5704399;45G1;AV;2004-09;yes;"GRADE C";1KT776399;"CV. ACCELERO INTERNATIONAL INDONESIA";"NAVIOS TEMPO";250S;;;TJM;H1905BW;;4000;28500;32500;
2023-01-14T08:13:00+07:00;gate_in_empty;Semarang;"SEALAND MAERSK ASIA";SUDU7376920;22G1;DM;2008-10;yes;"GRADE C";581855519;"PT. SINAR MULIA TEHNIK";ZHONGCHENG19;2250;;;POT;H9271OW;;2220;28260;30480;
2023-01-14T08:16:00+07:00;gate_in_empty;Semarang;"SEALAND MAERSK ASIA";SEKU4450606;45G1;DM;2020-12;yes;"GRADE A";223690132;"PT. JASANTARA LIMA BENUA";"NAVIOS TEMPO";250S;;;PAT;H8122OG;;3700;28800;32500;
2023-01-14T08:17:00+07:00;gate_in_empty;Semarang;"SEALAND MAERSK ASIA";MRKU6843304;22G1;AV;2011-07;yes;"GRADE C";223241437;"PT. BUKITMEGA MASABADI";"NAVIOS LAPIS";251S;;;HJT;H9122OW;;2170;28310;30480;
2023-01-14T08:19:00+07:00;gate_in_empty;Semarang;"SEALAND MAERSK ASIA";GATU8693770;45G1;DM;2004-09;yes;"GRADE C";223564354;"PT. SARANA PELITA NIAGA";"NAVIOS LAPIS";251S;;;PAT;H8843OA;;3880;28620;32500;
2023-01-14T08:20:00+07:00;gate_in_empty;Semarang;"SEALAND MAERSK ASIA";MRSU4231010;45G1;AV;2021-04;yes;"GRADE A";223846914;"PT. SEMARANG SENTOSA FURNINDO";"NAVIOS LAPIS";251S;;;KARIMANEN;H8326OC;;3720;28780;32500;
2023-01-14T08:23:00+07:00;gate_in_empty;Semarang;"SEALAND MAERSK ASIA";CRSU1277700;22G1;DM;2008-05;yes;"GRADE C";223241437;"PT. BUKITMEGA MASABADI";"NAVIOS LAPIS";251S;;;APJ;H1590TF;;2210;28270;30480;
2023-01-14T08:26:00+07:00;gate_in_empty;Semarang;"SEALAND MAERSK ASIA";MSKU0734669;45G1;AV;2007-12;yes;"GRADE C";223837272;"PT. SARANA PELITA NIAGA";"NAVIOS LAPIS";251S;;;PST;H9270OW;;1860;28620;30480;
2023-01-14T08:27:00+07:00;gate_in_empty;Semarang;"SEALAND MAERSK ASIA";TCKU1196500;22G1;AV;2017-09;yes;"GRADE B";223762435;"PT. MANUNGGAL ARTHA PERKASA";"NAVIOS LAPIS";251S;;;KSP;H1831EF;;2100;28380;30480;
2023-01-14T08:28:00+07:00;gate_in_empty;Semarang;"SEALAND MAERSK ASIA";MRSU4811506;45G1;AV;2021-06;yes;"GRADE A";1KT776402;"PT. GEMILANG FORTINDO PRIMA";"NAVIOS TEMPO";250S;;;DPA;B9966UIW;;3720;28780;32500;
2023-01-14T08:37:00+07:00;gate_in_empty;Semarang;"SEALAND MAERSK ASIA";MRSU3938836;45G1;AV;2017-06;yes;"GRADE B";223690528;"PT. TRANSPORTAMA JASATRANS LOGISTIK";"NAVIOS TEMPO";250S;;;"JATA EKSPRESS";B9341UIV;;3810;28690;32500;
2023-01-14T08:40:00+07:00;gate_in_empty;Semarang;"SEALAND MAERSK ASIA";MSKU9734058;45G1;AV;2006-08;yes;"GRADE C";223690158;"CV. LAUTAN EMAS TRADING";"NAVIOS TEMPO";250S;;;PO;H9829OA;;3910;28590;32500;
2023-01-14T08:41:00+07:00;gate_in_empty;Semarang;"SEALAND MAERSK ASIA";MIEU0056282;45G1;DM;2012-05;yes;"GRADE C";223860604;"PT. HARTONO ISTANA TEKNOLOGI";"NAVIOS LAPIS";251S;;;PAT;H1543UW;;3880;28620;32500;
2023-01-14T08:45:00+07:00;gate_in_empty;Semarang;"SEALAND MAERSK ASIA";MSKU5250857;22G1;DM;2008-08;yes;"GRADE C";581855519;"PT. SINAR MULIA TEHNIK";ZHONGCHENG19;2250;;;BJL;H8077BA;;2170;28310;30480;
2023-01-14T08:49:00+07:00;gate_in_empty;Semarang;"SEALAND MAERSK ASIA";MRKU7912159;22G1;AV;2011-11;yes;"GRADE B";223241437;"PT. BUKITMEGA MASABADI";"NAVIOS LAPIS";251S;;;KARIMANEN;H9303OW;;2170;28310;30480;
2023-01-14T08:57:00+07:00;gate_in_empty;Semarang;"SEALAND MAERSK ASIA";MRSU5212499;45G1;DM;2021-09;yes;"GRADE A";223898445;"PT. INDOPINTAN SUKSES MANDIRI";"NAVIOS LAPIS";251S;;;"HARAPAN INDAH";H8039OF;;3720;28780;32500;
2023-01-14T09:04:00+07:00;gate_in_empty;Semarang;"SEALAND MAERSK ASIA";HASU1223685;22G1;AV;2014-06;yes;"GRADE B";223796534;"PT. UNITED CHEMICALS INTER ANEKA ";"NAVIOS LAPIS";251S;;;HANDOYO;H8707OW;;2220;28260;30480;
2023-01-14T09:10:00+07:00;gate_in_empty;Semarang;"SEALAND MAERSK ASIA";MSKU0530259;45G1;DM;2006-07;yes;"GRADE C";223601997;"PT. KARYA SUKSES SELARAS";"NAVIOS TEMPO";250S;;;PO;H8191OA;;3910;28590;32500;
2023-01-14T09:22:00+07:00;gate_in_empty;Semarang;"SEALAND MAERSK ASIA";MRSU3505097;45G1;AV;2017-07;yes;"GRADE B";920711056;"PT. TIGAKADISTRINDO PERKASA";"NAVIOS LAPIS";251S;;;KMK;B9118AL;;3810;28690;32500;
2023-01-14T09:36:00+07:00;gate_in_empty;Semarang;"SEALAND MAERSK ASIA";MSKU4587822;L5G1;DM;2004-02;yes;"GRADE C";223773165;"PT. TRANSPORTAMA JASATRANS LOGISTIK";"NAVIOS TEMPO";250S;;;PO;H9041OW;;4850;27650;32500;
2023-01-14T09:37:00+07:00;gate_in_empty;Semarang;"SEALAND MAERSK ASIA";MAEU9210474;L5G1;DM;2012-02;yes;"GRADE B";223773236;"PT. TRANSPORTAMA JASATRANS LOGISTIK";"NAVIOS TEMPO";250S;;;PO;H1605GZ;;4830;27670;32500;
2023-01-14T09:38:00+07:00;gate_in_empty;Semarang;"SEALAND MAERSK ASIA";MRKU3077421;45G1;AV;2011-11;yes;"GRADE B";223727781;"PT. HARTONO ISTANA TEKNOLOGI";"NAVIOS TEMPO";250S;;;KSP;H1784FS;;3810;28690;32500;
2023-01-14T09:41:00+07:00;gate_in_empty;Semarang;"SEALAND MAERSK ASIA";MRKU2750590;45G1;AV;2011-09;yes;"GRADE C";223564354;"PT. SARANA PELITA NIAGA";"NAVIOS LAPIS";251S;;;POT;H8495OA;;3790;28710;32500;
2023-01-14T09:49:00+07:00;gate_in_empty;Semarang;"SEALAND MAERSK ASIA";MSKU4775162;L5G1;DM;2012-03;yes;"GRADE C";223773316;"AMAD PARTONO";"NAVIOS TEMPO";250S;;;ST;B9680UWW;;4850;27650;32500;
2023-01-14T09:52:00+07:00;gate_in_empty;Semarang;"SEALAND MAERSK ASIA";GATU8699260;45G1;DM;2004-11;yes;"GRADE C";585605291;"PT. DELTA DUNIA TEKSTIL";"NAVIOS TEMO";250S;;;"ALEX TRANS";H8322OG;;3880;28620;32500;
2023-01-14T10:01:00+07:00;gate_in_empty;Semarang;"SEALAND MAERSK ASIA";TRHU1579792;22G1;DM;2012-07;yes;"GRADE B";223836803;"PT. REZEKI JAYA SEJAHTERA";"NAVIOS LAPIS";251S;;;BJL;H8662OW;;2180;28300;30480;
2023-01-14T10:15:00+07:00;gate_in_empty;Semarang;"SEALAND MAERSK ASIA";TCKU6731493;45G1;DM;2018-08;yes;"GRADE B";585605291;"PT. DELTA DUNIA TEKSTIL";"NAVIOS TEMO";250S;;;PKS;H1799FP;;3700;28800;32500;
2023-01-14T10:30:00+07:00;gate_in_empty;Semarang;"SEALAND MAERSK ASIA";MRKU9825900;22G1;DM;2014-04;yes;"GRADE C";223692451;"PT. HARTONO ISTANA TEKNOLOGI";"PL GERMANY";249S;;;KALISARI;H8185OA;;2300;28180;30480;
2023-01-14T10:32:00+07:00;gate_in_empty;Semarang;"SEALAND MAERSK ASIA";MSKU9145042;45G1;DM;2005-03;yes;"GRADE C";223931302;"PT. BAHTERA TUNAS FAJAR";"NAVIOS LAPIS";251S;;;PO;B9431AA;;3880;28620;32500;
2023-01-14T10:35:00+07:00;gate_in_empty;Semarang;"SEALAND MAERSK ASIA";HASU4210547;45G1;AV;2012-07;yes;"GRADE C";223762427;"PT. MONANG SIANIPAR ABADI";"NAVIOS LAPIS";251S;;;BJM;H1971CW;;3860;28640;32500;
2023-01-14T10:39:00+07:00;gate_in_empty;Semarang;"SEALAND MAERSK ASIA";MSKU9439643;45G1;AV;2005-09;yes;"GRADE C";223762360;"PT. BHINEKA KARYA ELEKTRINDO";"NAVIOS LAPIS";251S;;;POT;H9941OA;;3880;28620;32500;
2023-01-14T10:40:00+07:00;gate_in_empty;Semarang;"SEALAND MAERSK ASIA";MRKU8468218;22G1;DM;2012-03;yes;"GRADE B";223727923;"PT. HARTONO ISTANA TEKNOLOGI";"NAVIOS TEMPO";250S;;;KSP;H6272OA;;2170;28310;30480;
2023-01-14T10:41:00+07:00;gate_in_empty;Semarang;"SEALAND MAERSK ASIA";SUDU7340465;22G1;AV;2008-05;yes;"GRADE B";223826056;"PT. GUNUNG CAHAYA UTAMA";"NAVIOS LAPIS";251S;;;PO;H1436WZ;;2220;28260;30480;
2023-01-14T10:49:00+07:00;gate_in_empty;Semarang;"SEALAND MAERSK ASIA";MRSU0074740;22G1;AV;2015-04;yes;"GRADE B";223931274;"PT. HARTONO ISTANA TEKNOLOGI";"NAVIOS LAPIS";251S;;;KSP;H9903OA;;2180;28300;30480;
2023-01-14T10:52:00+07:00;gate_in_empty;Semarang;"SEALAND MAERSK ASIA";MRKU8178965;22G1;DM;2012-12;yes;"GRADE C";223759925;"PT. BUKIT PERAK";"MAERSK VICTORIA";251W;;;PO;H3621OA;;2170;28310;30480;
2023-01-14T10:57:00+07:00;gate_in_empty;Semarang;"SEALAND MAERSK ASIA";MRKU3151344;45G1;DM;2011-12;yes;"GRADE C";585605298;"PT. DELTA DUNIA SANDANG TEKSTIL";"NAVIOS LAPIS";251S;;;LTJ;H1401AF;;3880;28620;32500;
2023-01-14T11:01:00+07:00;gate_in_empty;Semarang;"SEALAND MAERSK ASIA";PONU0291133;22G1;DM;2002-05;yes;"GRADE C";223972068;"CV. HARMONI INDAH KARYA";"NAVIOS LAPIS";251S;;;PO;H2759AQ;;2300;28180;30480;
2023-01-14T11:03:00+07:00;gate_in_empty;Semarang;"SEALAND MAERSK ASIA";MRKU9361142;22G1;AV;2013-07;yes;"GRADE B";223309824;"PT. BUKITMEGA MASABADI";"NAVIOS LAPIS";251S;;;"PUTRA SAMUDRA T";H9808OA;;2180;28300;30480;
2023-01-14T11:04:00+07:00;gate_in_empty;Semarang;"SEALAND MAERSK ASIA";MRKU9638387;22G1;AV;2013-12;yes;"GRADE B";223309824;"PT. BUKITMEGA MASABADI";"NAVIOS LAPIS";251S;;;LTJ;H9517OA;;2170;28310;30480;
2023-01-14T11:06:00+07:00;gate_in_empty;Semarang;"SEALAND MAERSK ASIA";BBCU2309373;22G1;AV;2021-05;yes;"GRADE A";223634167;"GEMILANG MULIALESTARI";"NAVIOS LAPIS";251S;;;KSP;H8117OA;;2080;28400;30480;
2023-01-14T11:08:00+07:00;gate_in_empty;Semarang;"SEALAND MAERSK ASIA";BMOU4118040;45G1;AV;2008-07;yes;"GRADE C";585605298;"PT. DELTA DUNIA SANDANG TEKSTIL";"NAVIOS LAPIS";251S;;;LTJ;H1495MY;;3860;26620;30480;
2023-01-14T11:12:00+07:00;gate_in_empty;Semarang;"SEALAND MAERSK ASIA";TCNU6915730;45G1;AV;2012-06;yes;"GRADE B";223601784;"PT. BERSAMA MEMBANGUN HARAPAN";"NAVIOS TEMPO";250S;;;PO;"H9383OW ";;3840;28660;32500;
2023-01-14T11:13:00+07:00;gate_in_empty;Semarang;"SEALAND MAERSK ASIA";MRSU4329290;45G1;AV;2021-08;yes;"GRADE B";223699599;"PT. SISTIM SOLUSINDO INTERNASIONAL";"NAVIOS TEMPO";250S;;;PO;H8695OA;;3720;28780;32500;
2023-01-14T11:21:00+07:00;gate_in_empty;Semarang;"SEALAND MAERSK ASIA";MRKU3829088;45G1;DM;2012-06;yes;"GRADE C";223830166;"PT. TRIANGLE MOTORINDO";"TINA I";250S;;;KSM;H1643AF;;3880;28620;32500;
2023-01-14T11:26:00+07:00;gate_in_empty;Semarang;"SEALAND MAERSK ASIA";TLLU5129620;45G1;AV;2017-10;yes;"GRADE B";223837432;"PT. PUTRA SAMUDRA TRANSINDO";"NAVIOS LAPIS";251S;;;PST;S9299UB;;3700;28800;32500;
2023-01-14T11:26:00+07:00;gate_in_empty;Semarang;"SEALAND MAERSK ASIA";TLLU5129620;45G1;AV;2017-10;yes;"GRADE B";223837432;"PT. PUTRA SAMUDRA TRANSINDO";"NAVIOS LAPIS";251S;;;PST;S9299UB;;3700;28800;32500;
2023-01-14T11:26:00+07:00;gate_in_empty;Semarang;"SEALAND MAERSK ASIA";MSKU4636233;L5G1;DM;2008-06;yes;"GRADE C";223833986;"CV. MITRA JAYA INDOTAMA";"NAVIOS TEMPO";250S;;;PO;H9081OW;;4850;27650;32500;
2023-01-14T11:27:00+07:00;gate_in_empty;Semarang;"SEALAND MAERSK ASIA";MRSU5836915;45G1;AV;2021-10;yes;"GRADE B";223762360;"PT. BHINEKA KARYA ELEKTRINDO";"NAVIOS LAPIS";251S;;;POT;H9235OW;;28780;-25280;3500;
2023-01-14T11:31:00+07:00;gate_in_empty;Semarang;"SEALAND MAERSK ASIA";MSKU3431100;22G1;AV;2004-11;yes;"GRADE C";223836696;"PT. SEMESTA HARAPAN ASIA";"NAVIOS LAPIS";251S;;;"CAHAYA ABADI";H9453OA;;2280;28200;30480;
2023-01-14T11:33:00+07:00;gate_in_empty;Semarang;"SEALAND MAERSK ASIA";TGHU0025541;22G1;AV;2006-05;yes;"GRADE C";223692451;"PT. HARTONO ISTANA TEKNOLOGI";"PL GERMANY";249S;;;KSP;H8614OA;;2250;28230;30480;
2023-01-14T11:34:00+07:00;gate_in_empty;Semarang;"SEALAND MAERSK ASIA";MRSU4256907;45G1;AV;2021-03;yes;"GRADE A";1KT775174;"PT. SEGORO BERKAH ABADI";"NAVIOS TEMPO";250S;;;PO;H8262OG;;3720;28780;32500;
2023-01-14T11:37:00+07:00;gate_in_empty;Semarang;"SEALAND MAERSK ASIA";MRSU6257944;45G1;AV;2021-12;yes;"GRADE A";223762327;"PT. PUTRA SAMUDRA TRANSINDO";"NAVIOS LAPIS";251S;;;PST;L9143UO;;3720;28780;32500;
2023-01-14T11:47:00+07:00;gate_in_empty;Semarang;"SEALAND MAERSK ASIA";HASU1315312;22G1;AV;2014-11;yes;"GRADE C";223762417;"PT. SEMESTA HARAPAN ASIA";"NAVIOS LAPIS";251S;;;PMT;H8087MA;;2220;28260;30480;
2023-01-14T13:04:00+07:00;gate_in_empty;Semarang;"SEALAND MAERSK ASIA";MSKU8740544;45G1;DM;2004-07;yes;"GRADE C";585605298;"PT. DELTA DUNIA SANDANG TEKSTIL";"NAVIOS LAPIS";251S;;;MLS;H1574GA;;3880;28620;32500;
2023-01-14T13:07:00+07:00;gate_in_empty;Semarang;"SEALAND MAERSK ASIA";MRKU2455830;45G1;DM;2011-07;yes;"GRADE C";223665228;"UWINFLY INDONESIA INDUSTRIES";"NAVIOS TEMPO";250S;;;ESA;H9327OW;;3880;28620;32500;
2023-01-14T13:09:00+07:00;gate_in_empty;Semarang;"SEALAND MAERSK ASIA";SUDU6742011;45G1;AV;2008-05;yes;"GRADE C";585605298;"PT. DELTA DUNIA SANDANG TEKSTIL";"NAVIOS LAPIS";251S;;;PO;H8014QA;;3950;28550;32500;
2023-01-14T13:11:00+07:00;gate_in_empty;Semarang;"SEALAND MAERSK ASIA";MRKU3960164;45G1;DM;2012-07;yes;"GRADE C";585605298;"PT. DELTA DUNIA SANDANG TEKSTIL";"NAVIOS LAPIS";251S;;;LTJ;H1406EF;;3790;28710;32500;
2023-01-14T13:30:00+07:00;gate_in_empty;Semarang;"SEALAND MAERSK ASIA";MRSU5607729;45G1;DM;2021-09;yes;"GRADE A";223569871;"PT. STARINDO JAYA PACKAGING";"NAVIOS LAPIS";251S;;;WISANTRA;H9516OA;;3720;28780;32500;
2023-01-14T13:41:00+07:00;gate_in_empty;Semarang;"SEALAND MAERSK ASIA";MRSU4702249;45G1;DM;2021-05;yes;"GRADE A";223569871;"PT. STARINDO JAYA PACKAGING";"NAVIOS LAPIS";251S;;;PO;H9520OA;;3720;28780;32500;
2023-01-14T13:43:00+07:00;gate_in_empty;Semarang;"SEALAND MAERSK ASIA";TRHU7113538;45G1;AV;2021-06;yes;"GRADE A";223690266;"PT. INNAGROUP TEXTILE MANUFACTURE";"NAVIOS TEMPO";250S;;;SHB;H1799GP;;3700;28800;32500;
2023-01-14T14:13:00+07:00;gate_in_empty;Semarang;"SEALAND MAERSK ASIA";MSKU7266214;22G1;AV;2007-12;yes;"GRADE B";223634135;"PT. EVO NUSA BERSAUDARA";"NAVIOS LAPIS";251S;;;URT;B9401PEH;;2140;28340;30480;
2023-01-14T14:36:00+07:00;gate_in_empty;Semarang;"SEALAND MAERSK ASIA";MSKU7013514;22G1;AV;2008-01;yes;"GRADE C";1KT774866;"PT. UTAMA PETINDO MANDIRI";"NAVIOS LAPIS";251S;;;PO;H1468GA;;28300;10180;38480;
2023-01-14T14:38:00+07:00;gate_in_empty;Semarang;"SEALAND MAERSK ASIA";MRSU4672150;45G1;AV;2021-06;yes;"GRADE A";585605298;"PT. DELTA DUNIA SANDANG TEKSTIL";"NAVIOS LAPIS";251S;;;LARESA;B9273NG;;3720;28780;32500;
2023-01-13T20:10:00+07:00;gate_out_empty;Semarang;"SEALAND MAERSK ASIA";HASU1517930;22G1;AV;2015-03;yes;"GRADE B";1KT790846;"CV. MEGA BRIQUETTE";"MERKUR HORIZON";302N;SGSIN;KOPER,SLOVENIA;IFE;B9089TEI;;2220;28260;30480;
2023-01-14T08:13:00+07:00;gate_out_empty;Semarang;"SEALAND MAERSK ASIA";MRKU8961230;22G1;AV;2012-06;yes;"GRADE C";1KT790846;"CV. MEGA BRIQUETTE";"MERKUR HORIZON";302N;SGSIN;KOPER,SLOVENIA;IFE;H1915DP;;2170;28310;30480;
2023-01-14T08:38:00+07:00;gate_out_empty;Semarang;"SEALAND MAERSK ASIA";MRKU7450913;22G1;AV;2011-09;yes;"GRADE C";223911150;"PT. MAPAN SEJAHTERA BERJAYA";"MERKUR HORIZON";302N;MYTPP;KRBUS;URT;B9910UEH;;1570;28910;30480;
2023-01-14T08:40:00+07:00;gate_out_empty;Semarang;"SEALAND MAERSK ASIA";MRKU6958026;22G1;AV;2011-06;yes;"GRADE B";223967281;"PT. KANINDO MAKMUR JAYA";"MERKUR HORIZON";302N;MYTPP;CNYTN;TEBS;H1683OS;;2170;28310;30480;
2023-01-14T08:44:00+07:00;gate_out_empty;Semarang;"SEALAND MAERSK ASIA";TGHU7530355;45G1;AV;2000-03;yes;"GRADE C";224477386;"PT. JAYA LANCAR CARGO";"MERKUR HORIZON";302N;MYTPP;MYBKI;PO;R1810EE;;3870;26610;30480;
2023-01-14T08:47:00+07:00;gate_out_empty;Semarang;"SEALAND MAERSK ASIA";MSKU8663197;45G1;AV;2004-06;yes;"GRADE C";224109786;"PT. JAYA LANCAR CARGO";"MERKUR HORIZON";302N;MYTPP;CNTST;MP;H1954CG;;3880;28620;32500;
2023-01-14T08:53:00+07:00;gate_out_empty;Semarang;"SEALAND MAERSK ASIA";PONU7600321;45G1;AV;2002-04;yes;"GRADE C";224109786;"PT. JAYA LANCAR CARGO";"MERKUR HORIZON";302N;MYTPP;CNTST;MP;AD1975ED;;3940;28560;32500;
2023-01-14T09:03:00+07:00;gate_out_empty;Semarang;"SEALAND MAERSK ASIA";MRKU7882856;22G1;AV;2011-11;yes;"GRADE B";224359059;"PT. ANUGERAH MULIA KARGO JAYA";"MERKUR HORIZON";302N;MYTPP;TWTXG;"WIJAYA TRANS";H8138OG;;2170;28310;30480;
2023-01-14T09:11:00+07:00;gate_out_empty;Semarang;"SEALAND MAERSK ASIA";SUDU6958823;45G1;AV;2010-02;yes;"GRADE C";914791304;"PT. PEI HAI INTERNATIONAL WIRATAMA INDONESIA";"MERKUR HORIZON";302N;MYTPP;NLVEN;KSS;H8491OW;;3860;28640;32500;
2023-01-14T09:11:00+07:00;gate_out_empty;Semarang;"SEALAND MAERSK ASIA";MRSU4605320;45G1;AV;2021-05;yes;"GRADE A";223899613;"PT. SADUA INDO";"MERKUR HORIZON";302M;MYTPP;USSAV;"WAHYU MANDIRI";H1829EG;;3720;28780;32500;
2023-01-14T09:15:00+07:00;gate_out_empty;Semarang;"SEALAND MAERSK ASIA";HASU5183934;45G1;AV;2017-09;yes;"GRADE B";224142788;"PT. ARVITRANS MARINE NUSANTARA";"MERKUR HORIZON";302N;MYTPP;PLHEL;PO;H1684AW;;3720;28780;32500;
2023-01-14T09:19:00+07:00;gate_out_empty;Semarang;"SEALAND MAERSK ASIA";TCKU7859344;45G1;AV;2020-09;yes;"GRADE A";224350087;"PT. BAHANA SAMUDERA TRANSPORTINDO";"MERKUR HORIZON";302N;SGSIN;USCHS;BST;H9285OA;;3700;28800;32500;
2023-01-14T09:27:00+07:00;gate_out_empty;Semarang;"MAERSK INDONESIA";MRKU0795702;42G1;AV;2013-01;yes;"GRADE C";224109783;"PT. UNGARAN SARI GARMENTS";"MERKUR HORIZON";302N;SGSIN;USCHS;SCP;H1853GQ;;3700;28800;32500;
2023-01-14T09:31:00+07:00;gate_out_empty;Semarang;"SEALAND MAERSK ASIA";MSKU3339797;22G1;AV;2004-08;yes;"GRADE C";223911150;"PT. MAPAN SEJAHTERA BERJAYA";"MERKUR HORIZON";302N;MYTPP;KRBUS;URT;H9720OA;;2280;28200;30480;
2023-01-14T09:43:00+07:00;gate_out_empty;Semarang;"SEALAND MAERSK ASIA";MSKU2721906;22G1;AV;2003-03;yes;"GRADE C";223911150;"PT. MAPAN SEJAHTERA BERJAYA";"MERKUR HORIZON";302N;MYTPP;KRBUS;URT;H8860OA;;2260;28220;30480;
2023-01-14T09:46:00+07:00;gate_out_empty;Semarang;"MAERSK INDONESIA";MAEU9177571;L5G1;AV;2015-06;yes;"GRADE B";223979544;"PT. SADUA INDO";"MERKUR HORIZON";302N;MYTPP;USLAX;PO;T9356DL;;4200;28300;32500;
2023-01-14T09:47:00+07:00;gate_out_empty;Semarang;"SEALAND MAERSK ASIA";MRKU5793003;45G1;AV;2015-08;yes;"GRADE B";224109786;"PT. JAYA LANCAR CARGO";"MERKUR HORIZON";302N;MYTPP;CNTST;AMAL;H8071OW;;3810;28690;32500;
2023-01-14T09:50:00+07:00;gate_out_empty;Semarang;"SEALAND MAERSK ASIA";CAAU5207880;45G1;AV;2019-03;yes;"GRADE A";224316419;"PT. SELALU CINTA INDONESIA";"MERKUR HORIZON";302N;MYTPP;AUMEL;AGS;B9573UWW;;3700;28800;32500;
2023-01-14T09:52:00+07:00;gate_out_empty;Semarang;"SEALAND MAERSK ASIA";CAAU6041562;45G1;AV;2021-01;yes;"GRADE A";224316419;"PT. SELALU CINTA INDONESIA";"MERKUR HORIZON";302N;MYTPP;AUMEL;AGS;B9993UIW;;3700;28800;32500;
2023-01-14T09:52:00+07:00;gate_out_empty;Semarang;"SEALAND MAERSK ASIA";MSKU8487930;45G1;AV;2003-11;yes;"GRADE C";224109786;"PT. JAYA LANCAR CARGO";"MERKUR HORIZON";302N;MYTPP;CNTST;AMAL;H8303OW;;3880;28620;32500;
2023-01-14T09:52:00+07:00;gate_out_empty;Semarang;"SEALAND MAERSK ASIA";MSKU8487930;45G1;AV;2003-11;yes;"GRADE C";224109786;"PT. JAYA LANCAR CARGO";"MERKUR HORIZON";302N;MYTPP;CNTST;AMAL;H8303OW;;3880;28620;32500;
2023-01-14T09:56:00+07:00;gate_out_empty;Semarang;"SEALAND MAERSK ASIA";TCKU7983490;45G1;AV;0020-09;yes;"GRADE A";223866726;"PT. RITRA CARGO INDONESIA";"MERKUR HORIZON";302N;MYTPP;BEANT;RITRA;H8239OG;;3700;28800;32500;
2023-01-14T09:59:00+07:00;gate_out_empty;Semarang;"SEALAND MAERSK ASIA";TCKU6070500;45G1;AV;2018-06;yes;"GRADE A";224109464;"PT. ARMADA TIRTA TRANS";"MERKUR HORIZON";302N;MYTPP;GBFXT;SM;H1478TF;;3700;28800;32500;
2023-01-14T10:10:00+07:00;gate_out_empty;Semarang;"SEALAND MAERSK ASIA";TCKU7700706;45G1;AV;2020-05;yes;"GRADE A";224142299;"PT. ANDALAN NUSANTARA TRANS";"MERKUR HORIZON";302N;MYTPP;JPYOK;PO;H1961BW;;3700;28800;32500;
2023-01-14T10:28:00+07:00;gate_out_empty;Semarang;"SEALAND MAERSK ASIA";MSKU1642130;45G1;AV;2010-08;yes;"GRADE C";223972974;"CV. NARAYANI";"MERKUR HORIZON";302N;MYTPP;USLAX;AFFE;H1995BZ;;3880;28620;32500;
2023-01-14T10:30:00+07:00;gate_out_empty;Semarang;"SEALAND MAERSK ASIA";MRSU0099121;22G1;AV;2015-04;yes;"GRADE B";224231069;"PT. FORMOSA BAG INDONESIA";"MERKUR HORIZON";302N;MYTPP;USNWK;AFFE;B9485LL;;2180;28300;30480;
2023-01-14T10:32:00+07:00;gate_out_empty;Semarang;"SEALAND MAERSK ASIA";TCLU3935063;22G1;AV;2013-01;yes;"GRADE B";223984145;"PT. MITRA KARGO INDONESIA";"MERKUR HORIZON";302N;MYTPP;SOMGQ;MKI;AA8083OA;;2200;28280;30480;
2023-01-14T10:33:00+07:00;gate_out_empty;Semarang;"SEALAND MAERSK ASIA";MRKU9364244;22G1;AV;2013-07;yes;"GRADE B";224323071;"PT. FORMOSA BAG INDONESIA";"MERKUR HORIZON";302N;MYTPP;CNYTN;AFFE;E8422LI;;2180;28300;30480;
2023-01-14T10:38:00+07:00;gate_out_empty;Semarang;"SEALAND MAERSK ASIA";MRKU8576233;22G1;AV;2012-03;yes;"GRADE B";224450992;"PT. MAPAN SEJAHTERA BERJAYA";"MERKUR HORIZON";302N;MYTPP;KRINC;"ADIL JAYA";H1660FH;;2170;28310;30480;
2023-01-14T10:38:00+07:00;gate_out_empty;Semarang;"SEALAND MAERSK ASIA";SUDU8970793;45G1;AV;2011-05;yes;"GRADE C";224109786;"PT. JAYA LANCAR CARGO";"MERKUR HORIZON";302N;MYTPP;CNTST;AMAL;H8414OW;;3860;28640;32500;
2023-01-14T10:39:00+07:00;gate_out_empty;Semarang;"SEALAND MAERSK ASIA";TCKU7283120;45G1;AV;2019-05;yes;"GRADE A";224316419;"PT. SELALU CINTA INDONESIA";"MERKUR HORIZON";302N;MYTPP;AUMEL;AGS;B9994UIW;;3700;28800;32500;
2023-01-14T10:47:00+07:00;gate_out_empty;Semarang;"SEALAND MAERSK ASIA";MRKU3936110;45G1;AV;2012-07;yes;"GRADE C";914791304;"PT. PEI HAI INTERNATIONAL WIRATAMA INDONESIA";"MERKUR HORIZON";302N;MYTPP;NLVEN;KSS;H9018OW;;3880;28620;32500;
2023-01-14T10:52:00+07:00;gate_out_empty;Semarang;"SEALAND MAERSK ASIA";MRSU0104697;22G1;AV;2015-04;yes;"GRADE B";224445920;"PT. ANDALAN PACIFIC SAMUDRA";"MERKUR HORIZON";302N;SGSIN;BRSSZ;APS;H9371OW;;2180;28300;30480;
2023-01-14T10:53:00+07:00;gate_out_empty;Semarang;"SEALAND MAERSK ASIA";PONU0406166;22G1;AV;2003-05;yes;"GRADE C";224450992;"PT. MAPAN SEJAHTERA BERJAYA";"MERKUR HORIZON";302N;MYTPP;KRINC;"ADIL JAYA";H1832DS;;2300;28180;30480;
2023-01-14T10:56:00+07:00;gate_out_empty;Semarang;"MAERSK INDONESIA";MRKU0120545;42G1;AV;2008-02;yes;"GRADE B";224076592;"PT. ANDALAN PACIFIC SAMUDRA";"MERKUR HORIZON";302N;MYTPP;ESALG;APS;B9099UIW;;3810;28690;32500;
2023-01-14T11:00:00+07:00;gate_out_empty;Semarang;"SEALAND MAERSK ASIA";MRSU4186409;45G1;AV;2021-04;yes;"GRADE A";224196006;"PT. ANDALAN PACIFIC SAMUDRA";"MERKUR HORIZON";302N;MYTPP;USNWK;APS;H8099OA;;3720;28780;32500;
2023-01-14T11:13:00+07:00;gate_out_empty;Semarang;"SEALAND MAERSK ASIA";MRKU0514301;42G1;AV;2008-11;yes;"GRADE B";224188353;"PT. INDO RISAKTI";"MERKUR HORIZON";302N;MYTPP;USLAX;BBT;H8912OW;;3700;28800;32500;
2023-01-14T11:27:00+07:00;gate_out_empty;Semarang;"SEALAND MAERSK ASIA";TCKU7839651;45G1;AV;2020-09;yes;"GRADE B";224430253;"PT. SANNAGA MANGGALA UTAMA";"MERKUR HORIZON";302N;MYTPP;KRBUS;MGJ;H8530LA;;3700;28800;32500;
2023-01-14T11:31:00+07:00;gate_out_empty;Semarang;"SEALAND MAERSK ASIA";MIEU2029389;45G1;AV;2012-06;yes;"GRADE C";914791304;"PT. PEI HAI INTERNATIONAL WIRATAMA INDONESIA";"MERKUR HORIZON";302N;MYTPP;NLVEN;PO;H8492OW;;3880;28620;32500;
2023-01-14T11:33:00+07:00;gate_out_empty;Semarang;"SEALAND MAERSK ASIA";MRSU5786202;45G1;AV;2021-12;yes;"GRADE A";224249878;"PT. ANDALAN PACIFIC SAMUDRA";"MERKUR HORIZON";302N;SGSIN;UYMVD;APS;H9375YM;;3720;28780;32500;
2023-01-14T11:39:00+07:00;gate_out_empty;Semarang;"SEALAND MAERSK ASIA";MSKU1384101;45G1;AV;2008-11;yes;"GRADE C";223902400;"PT. RECKITT BENCKISER INDONESIA";"MERKUR HORIZON";302N;MYTPP;AUSYD;KLIK;B9572EB;;3880;28620;32500;
2023-01-14T11:41:00+07:00;gate_out_empty;Semarang;"SEALAND MAERSK ASIA";MSKU8983333;45G1;AV;2004-11;yes;"GRADE C";224324923;"PT. TRIBHUWANA MANUNGGAL KENCANA ";"MERKUR HORIZON";302N;MYTPP;CNSHA;PO;H8318UZ;;3880;28620;32500;
2023-01-14T11:43:00+07:00;gate_out_empty;Semarang;"SEALAND MAERSK ASIA";TCKU6123554;45G1;AV;2018-07;yes;"GRADE B";224430403;"PT. SANNAGA MANGGALA UTAMA";"MERKUR HORIZON";302N;MYTPP;KRBUS;PO;H8661OA;;3700;28800;32500;
2023-01-14T11:52:00+07:00;gate_out_empty;Semarang;"SEALAND MAERSK ASIA";PONU8087471;45G1;AV;2004-09;yes;"GRADE B";224387880;"PT. ALBASIA BHUMIPHALA PERSADA";"MERKUR HORIZON";302N;MYTPP;DEBRV;AMU;B9132KEH;;3940;28560;32500;
2023-01-14T13:18:00+07:00;gate_out_empty;Semarang;"SEALAND MAERSK ASIA";MSKU5606871;22G1;AV;2009-09;yes;"FOOD GRADE";223911150;"PT. MAPAN SEJAHTERA BERJAYA";"MERKUR HORIZON";302N;MYTPP;KRBUS;URT;B9910;;2180;28300;0;
2023-01-14T13:19:00+07:00;gate_out_empty;Semarang;"SEALAND MAERSK ASIA";MSKU3093701;22G1;AV;2003-11;yes;"GRADE B";223911150;"PT. MAPAN SEJAHTERA BERJAYA";"MERKUR HORIZON";302N;MYTPP;KRBUS;URT;H9720OA;;2300;28180;30480;
2023-01-14T14:21:00+07:00;gate_in_repo;Semarang;"MAERSK INDONESIA";MAEU9199415;L5G1;AV;2015-07;yes;"GRADE B";GSC-TRK-2301126360;"MAERSK A/S";"MERKUR HORIZON";302N;" ";" ";PO;AA1838FF;;4200;28300;32500;
2023-01-14T14:22:00+07:00;gate_in_repo;Semarang;"MAERSK INDONESIA";MSKU4791991;L5G1;AV;2012-08;yes;"GRADE B";GSC-TRK-2301126360;"MAERSK A/S";"MERKUR HORIZON";302N;" ";" ";STS;AA1855F;;4850;27650;32500;
2023-01-14T14:23:00+07:00;gate_in_repo;Semarang;"MAERSK INDONESIA";MSKU4662382;L5G1;AV;2008-08;yes;"GRADE B";GSC-TRK-2301126360;"MAERSK A/S";"MERKUR HORIZON";302N;" ";" ";CI;B901SGK;;4850;27650;32500;
2023-01-14T14:25:00+07:00;gate_in_repo;Semarang;"MAERSK INDONESIA";MSKU4607960;L5G1;AV;2007-06;yes;"GRADE B";GSC-TRK-2301126360;"MAERSK A/S";"MERKUR HORIZON";302N;" ";" ";CI;H1833CW;;4920;27580;32500;
2023-01-14T14:26:00+07:00;gate_in_repo;Semarang;"MAERSK INDONESIA";PONU7801579;45G1;AV;2003-07;yes;"GRADE C";GSC-TRK-2301126360;"MAERSK A/S";"MERKUR HORIZON";302N;" ";" ";PO;AA1838FF;;3940;28560;32500;
2023-01-14T14:27:00+07:00;gate_in_repo;Semarang;"MAERSK INDONESIA";MSKU8133896;45G1;AV;2000-09;yes;"GRADE C";GSC-TRK-2301126360;"MAERSK A/S";"MERKUR HORIZON";302N;" ";" ";STS;H8746OA;;3880;28620;32500;
2023-01-14T14:27:00+07:00;gate_in_repo;Semarang;"MAERSK INDONESIA";MSKU9291010;45G1;AV;2005-06;yes;"GRADE C";GSC-TRK-2301126360;"MAERSK A/S";"MERKUR HORIZON";302N;" ";" ";CEBONG;B9001SGK;;3880;28620;32500;
2023-01-14T14:28:00+07:00;gate_in_repo;Semarang;"MAERSK INDONESIA";TRLU8053405;45G1;AV;2004-05;yes;"GRADE C";GSC-TRK-2301126360;"MAERSK A/S";"MERKUR HORIZON";302N;" ";" ";STS;H1654DH;;3860;28640;32500;
2023-01-14T14:28:00+07:00;gate_in_repo;Semarang;"MAERSK INDONESIA";UESU4659951;45G1;AV;2003-05;yes;"GRADE C";GSC-TRK-2301126360;"MAERSK A/S";"MERKUR HORIZON";302N;" ";" ";STS;H8754OA;;3910;28590;32500;
2023-01-14T14:29:00+07:00;gate_in_repo;Semarang;"MAERSK INDONESIA";PONU8134969;45G1;AV;2004-08;yes;"GRADE C";GSC-TRK-2301126360;"MAERSK A/S";"MERKUR HORIZON";302N;" ";" ";PO;H1971CW;;3940;28560;32500;
2023-01-14T14:34:00+07:00;gate_in_repo;Semarang;"SEALAND MAERSK ASIA";MSKU4796150;L5G1;AV;2012-09;yes;"GRADE C";GSC-TRK-2301126360;"MAERSK A/S";"MERKUR HORIZON";302N;" ";" ";PO;H1948FL;;4850;27650;32500;
2023-01-14T14:35:00+07:00;gate_in_repo;Semarang;"MAERSK INDONESIA";MSKU4640486;L5G1;AV;2008-06;yes;"GRADE B";GSC-TRK-2301126360;"MAERSK A/S";"MERKUR HORIZON";302N;" ";" ";PO;H8756O;;4850;27650;32500;
2023-01-14T14:54:00+07:00;gate_in_repo;Semarang;"MAERSK INDONESIA";MAEU9198110;L5G1;AV;2015-07;yes;"GRADE B";GSC-TRK-2301126360;"MAERSK A/S";"MERKUR HORIZON";302N;" ";" ";PO;B9426WX;;4200;28300;32500;
2023-01-14T14:57:00+07:00;gate_in_repo;Semarang;"SEALAND MAERSK ASIA";MSKU4789037;L5G1;AV;2012-08;yes;"GRADE B";GSC-TRK-2301126360;"MAERSK A/S";"MERKUR HORIZON";302N;" ";" ";CI;AA1855F;;4850;27650;32500;
2023-01-14T15:15:00+07:00;gate_in_repo;Semarang;"SEALAND MAERSK ASIA";MSKU4565720;L5G1;DM;2002-06;yes;"GRADE C";GSC-TRK-2301126360;"MAERSK A/S";"MERKUR HORIZON";302N;" ";" ";STS;H9727OA;;4900;27600;32500;
2023-01-14T15:19:00+07:00;gate_in_repo;Semarang;"SEALAND MAERSK ASIA";PONU3055888;L5G1;DM;2002-03;yes;"GRADE C";GSC-TRK-2301126360;"MAERSK A/S";"MERKUR HORIZON";302N;" ";" ";PO;AA1838FF;;4980;27520;32500;
2023-01-14T15:19:00+07:00;gate_in_repo;Semarang;"SEALAND MAERSK ASIA";PONU3051814;L5G1;DM;2002-03;yes;"GRADE C";GSC-TRK-2301126360;"MAERSK A/S";"MERKUR HORIZON";302N;" ";" ";PO;B9001SGK;;4980;27520;32500;
2023-01-14T15:20:00+07:00;gate_in_repo;Semarang;"SEALAND MAERSK ASIA";MSKU4755551;L5G1;AV;2011-12;yes;"GRADE C";GSC-TRK-2301126360;"MAERSK A/S";"MERKUR HORIZON";302N;" ";" ";PO;H1833CW;;4850;27650;32500;
2023-01-14T15:22:00+07:00;gate_in_repo;Semarang;"SEALAND MAERSK ASIA";MSKU1253689;45G1;AV;2008-05;yes;"GRADE B";GSC-TRK-2301126360;"MAERSK A/S";"MERKUR HORIZON";302N;" ";" ";CI;H1833CW;;3790;28710;32500;
2023-01-14T15:23:00+07:00;gate_in_repo;Semarang;"SEALAND MAERSK ASIA";PONU7933997;45G1;AV;2004-07;yes;"GRADE C";GSC-TRK-2301126360;"MAERSK A/S";"MERKUR HORIZON";302N;" ";" ";CEBONG;AA1855F;;3940;28560;32500;
2023-01-14T15:26:00+07:00;gate_in_repo;Semarang;"SEALAND MAERSK ASIA";PONU7859950;45G1;AV;2003-10;yes;"GRADE C";GSC-TRK-2301126360;"MAERSK A/S";"MERKUR HORIZON";302N;" ";" ";STS;H9934OA;;3940;28560;32500;
2023-01-14T16:20:00+07:00;gate_in_repo;Semarang;"SEALAND MAERSK ASIA";MSKU8204942;45G1;DM;2000-11;yes;"GRADE C";GSC-TRK-2301126360;"MAERSK A/S";"MERKUR HORIZON";302N;" ";" ";MKI;B9299TEJ;;3950;28550;32500;
2023-01-14T17:11:00+07:00;gate_in_repo;Semarang;"SEALAND MAERSK ASIA";CMCU4333047;42P1;DM;1998-11;yes;"GRADE C";GSC-TRK-2301126360;"MAERSK A/S";"MERKUR HORIZON";302N;" ";" ";CI;A1855F;;5300;39700;45000;
2023-01-14T17:12:00+07:00;gate_in_repo;Semarang;"SEALAND MAERSK ASIA";TRIU0807422;42P1;AV;2007-10;yes;"GRADE C";GSC-TRK-2301126360;"MAERSK A/S";"MERKUR HORIZON";302N;" ";" ";CI;AA1855F;;5100;44900;50000;
2023-01-14T17:14:00+07:00;gate_in_repo;Semarang;"SEALAND MAERSK ASIA";TRLU6021630;42P1;AV;2007-06;yes;"GRADE C";GSC-TRK-2301126360;"MAERSK A/S";"MERKUR HORIZON";302N;" ";" ";CI;AA1855F;;5300;44700;50000;
2023-01-14T17:15:00+07:00;gate_in_repo;Semarang;"SEALAND MAERSK ASIA";MAEU4122196;45U1;AV;2011-03;yes;"GRADE B";GSC-TRK-2301126360;"MAERSK A/S";"MERKUR HORIZON";302N;" ";" ";CI;H1833CW;;4100;28400;32500;
2023-01-14T17:16:00+07:00;gate_in_repo;Semarang;"SEALAND MAERSK ASIA";MAEU4047580;45U1;AV;2009-12;yes;"GRADE C";GSC-TRK-2301126360;"MAERSK A/S";"MERKUR HORIZON";302N;" ";" ";CI;AA1838FF;;4100;28400;32500;
2023-01-14T17:17:00+07:00;gate_in_repo;Semarang;"SEALAND MAERSK ASIA";MAEU4225358;45U1;AV;2019-01;yes;"GRADE A";GSC-TRK-2301126360;"MAERSK A/S";"MERKUR HORIZON";302N;" ";" ";CI;B9001SGK;;3940;28560;32500;
2023-01-14T17:18:00+07:00;gate_in_repo;Semarang;"SEALAND MAERSK ASIA";PONU3041380;L5G1;DM;2000-08;yes;"GRADE C";GSC-TRK-2301126360;"MAERSK A/S";"MERKUR HORIZON";302N;" ";" ";STS;H1967FA;;4900;27600;32500;
